RT @LucianoHangBr: Elei√ß√µes 2022. Quem tem vis√£o a curto prazo diz: ‚ÄúTanto faz quem vencer em outubro.‚Äù Mas n√£o esque√ßa: a longo prazo ser√°‚Ä¶,"RT @MarchaDaFamili1: Quando voc√™ achar que 2020 e 2021 foi louco, lembre-se:
Em 2022, um homem condenado, vai disputar elei√ß√µes presidencia‚Ä¶",RT @folha: Elei√ß√µes 2022: Datafolha: Identifica√ß√£o com a esquerda cresce e vai a 49% da popula√ß√£o; direita recua https://t.co/NGl60vEkEt,RT @SigaGazetaBR: Ciro Gomes chama Lula de bandido e diz que n√£o o apoiar√° no 2¬∞ turno https://t.co/AjjWE2HMIO,"Outro dia estava de frente com um tipo de personagem desse texto. A mulher rica, branca, que nunca votou no PT, mas finalmente entendeu que chegou a hora. E fiquei t√£o feliz por aquele momento. Pensei: OPA!! T√° vindo a√≠ https://t.co/rH8rJvtCTO",RT @folha: Elei√ß√µes 2022: Datafolha: 8 em cada 10 brasileiros acham que homossexualidade deve ser aceita https://t.co/ZJFV6yqp8a,"RT @CentralEleicoes: üåπüßë‚ÄçüåæCiro sobre reforma agr√°ria: ""N√£o basta jogar a fam√≠lia num peda√ßo de terra"":

Ciro Gomes declarou que atualmente o‚Ä¶","@proftulionit Nas duas elei√ß√µes que Brizola venceu no RJ, o PT n√£o o apoiou. Em 1986, Darcy foi derrotado por Moreira Franco, e o PT tamb√©m n√£o apoiou o candidato do PDT. √â bom termos essas lembran√ßas para entendermos o porqu√™ do PT n√£o querer que Molon seja o candidato ao senado em 2022.","RT @millylacombe: Preferir tiro na cabe√ßa a votar em Lula n√£o faz parte do menu de op√ß√µes. Um, porque j√° tem gente demais levando tiro na c‚Ä¶","Ah loco, vai bundi√°?
https://t.co/gcKgKcx23f","RT @jeanwyllys_real: Leiam ‚Å¶‚Å¶@millylacombe‚Å© . Leiam! Ela sempre acerta e vai no nervo da quest√£o. 

Esporte, pol√≠tica, Leifert, elei√ß√µes e‚Ä¶","RT @crosado: ""√â nossa obriga√ß√£o, nossa, de todos n√≥s, n√£o estou a me referir apenas ao MPLA, fazermos tudo para credibilizarmos as elei√ß√µes‚Ä¶","RT @crosado: ""√â nossa obriga√ß√£o, nossa, de todos n√≥s, n√£o estou a me referir apenas ao MPLA, fazermos tudo para credibilizarmos as elei√ß√µes‚Ä¶","RT @CentralEleicoes: üåπüßë‚ÄçüåæCiro sobre reforma agr√°ria: ""N√£o basta jogar a fam√≠lia num peda√ßo de terra"":

Ciro Gomes declarou que atualmente o‚Ä¶",Elei√ß√µes 2022 - Enquete ao vivo para Presidente no Brasil e estados https://t.co/76MUMZaPYW,RT @folha: Elei√ß√µes 2022: Datafolha: Identifica√ß√£o com a esquerda cresce e vai a 49% da popula√ß√£o; direita recua https://t.co/NGl60vEkEt,RT @rogeria_chagas: @maurikyus @PSDBoficial @rodrigogarcia_ @psdbsp #CarlaoPignatariPautePDL URGENTEMENTE BASTA DESSE CRUEL CONFISCO N√ÉO AG‚Ä¶,RT @RCasara: Pare para ler a @millylacombe https://t.co/PEN3uJuEbk,"RT @emanoelseabra: 'O pa√≠s andou pra tr√°s', diz Lula em reuni√£o sobre Amaz√¥nia e meio ambiente https://t.co/4qxrEIeGpi","RT @folha: Elei√ß√µes 2022: Partido de Bolsonaro ignora inspe√ß√£o de urnas, enquanto presidente cobra auditoria https://t.co/BWLpQPhBkH",RT @folha: Elei√ß√µes 2022: Datafolha: 8 em cada 10 brasileiros acham que homossexualidade deve ser aceita https://t.co/ZJFV6yqp8a,"RT @millylacombe: Preferir tiro na cabe√ßa a votar em Lula n√£o faz parte do menu de op√ß√µes. Um, porque j√° tem gente demais levando tiro na c‚Ä¶","RT @folha: Elei√ß√µes 2022: Bolsonaro ataca urnas, desafia TSE e diz duvidar de coragem para cassar sua candidatura https://t.co/v0pdlTNA2v","RT @MarchaDaFamili1: Quando voc√™ achar que 2020 e 2021 foi louco, lembre-se:
Em 2022, um homem condenado, vai disputar elei√ß√µes presidencia‚Ä¶","RT @MarchaDaFamili1: Quando voc√™ achar que 2020 e 2021 foi louco, lembre-se:
Em 2022, um homem condenado, vai disputar elei√ß√µes presidencia‚Ä¶","RT @RonisBrazil: PATRIOTA! Uma pequena e humilde recomenda√ß√£o para as elei√ß√µes de 2022:

- Se informe em boas fontes ;
- Alerte o m√°ximo de‚Ä¶",RT @LucianoHangBr: Elei√ß√µes 2022. Quem tem vis√£o a curto prazo diz: ‚ÄúTanto faz quem vencer em outubro.‚Äù Mas n√£o esque√ßa: a longo prazo ser√°‚Ä¶,"RT @RonisBrazil: PATRIOTA! Uma pequena e humilde recomenda√ß√£o para as elei√ß√µes de 2022:

- Se informe em boas fontes ;
- Alerte o m√°ximo de‚Ä¶",RT @roxmo: Movimento quer eleger 200 deputados ficha limpa para lutar contra a corrup√ß√£o https://t.co/nCshUaK5Kb // Vamos nessa! Mais do qu‚Ä¶,"RT @MarchaDaFamili1: Quando voc√™ achar que 2020 e 2021 foi louco, lembre-se:
Em 2022, um homem condenado, vai disputar elei√ß√µes presidencia‚Ä¶","RT @folha: Elei√ß√µes 2022: Partido de Bolsonaro ignora inspe√ß√£o de urnas, enquanto presidente cobra auditoria https://t.co/BWLpQPhBkH","RT @JovemPanNews: #AsMaisLidasDaSemana | Percentual de eleitores que afirmaram que n√£o votariam no candidato do PT aumentou para 49,1%, enq‚Ä¶","RT @JovemPanNews: #AsMaisLidasDaSemana | Percentual de eleitores que afirmaram que n√£o votariam no candidato do PT aumentou para 49,1%, enq‚Ä¶","RT @EleicaoBr2022: Elei√ß√µes 2022: pesquisas previstas para os pr√≥ximos dias.

‚úÖPESQUISAS ESTADUAIS

‚òëÔ∏èAcre 
‚û°Ô∏èReal Time Big Data - (07/06)‚Ä¶","RT @MarchaDaFamili1: Quando voc√™ achar que 2020 e 2021 foi louco, lembre-se:
Em 2022, um homem condenado, vai disputar elei√ß√µes presidencia‚Ä¶","RT @JovemPanNews: #AsMaisLidasDaSemana | Percentual de eleitores que afirmaram que n√£o votariam no candidato do PT aumentou para 49,1%, enq‚Ä¶",https://t.co/4DVyo47E6Q,RT @LucianoHangBr: Elei√ß√µes 2022. Quem tem vis√£o a curto prazo diz: ‚ÄúTanto faz quem vencer em outubro.‚Äù Mas n√£o esque√ßa: a longo prazo ser√°‚Ä¶,"RT @PlenoNews: Partidos querem limitar acesso a informa√ß√µes sobre candidatos #partidos #candidatos #PlenoNeww

https://t.co/QploWCZFG4","RT @SigaGazetaBR: Bolsonaro sobre debates: ‚ÄúEu fecho agora, se o Lula for, eu vou junto com ele‚Äù https://t.co/EAxDOuyKNF",#PortaldePinhal #√öltimasNot√≠cias Elei√ß√µes AO VIVO: Enquete em tempo real para Governador do Rio de Janeiro https://t.co/eQMawKY1lg,RT @LucianoHangBr: Elei√ß√µes 2022. Quem tem vis√£o a curto prazo diz: ‚ÄúTanto faz quem vencer em outubro.‚Äù Mas n√£o esque√ßa: a longo prazo ser√°‚Ä¶,"RT @jeanwyllys_real: Leiam ‚Å¶‚Å¶@millylacombe‚Å© . Leiam! Ela sempre acerta e vai no nervo da quest√£o. 

Esporte, pol√≠tica, Leifert, elei√ß√µes e‚Ä¶","Esporte, pol√≠tica, Leifert, elei√ß√µes e tiros na cabe√ßa - 04/06/2022 - UOL Esporte https://t.co/t8ozO4wD6u",RT @folha: Elei√ß√µes 2022: Rela√ß√£o com militares e empresariado ainda √© desafio para a chapa Lula-Alckmin https://t.co/6rImd3sRpb,RT @roxmo: Movimento quer eleger 200 deputados ficha limpa para lutar contra a corrup√ß√£o https://t.co/nCshUaK5Kb // Vamos nessa! Mais do qu‚Ä¶,RT @LucianoHangBr: Elei√ß√µes 2022. Quem tem vis√£o a curto prazo diz: ‚ÄúTanto faz quem vencer em outubro.‚Äù Mas n√£o esque√ßa: a longo prazo ser√°‚Ä¶,"Os entrevistadores devem fazer arminha, certeza! 

https://t.co/In9ZKZCt1S","RT @reportersalles: Em v√≠deo, Datena sinaliza que deve desistir de concorrer ao Senado. O apresentador esquerdista j√° contou em entrevista‚Ä¶",RT @LucianoHangBr: Elei√ß√µes 2022. Quem tem vis√£o a curto prazo diz: ‚ÄúTanto faz quem vencer em outubro.‚Äù Mas n√£o esque√ßa: a longo prazo ser√°‚Ä¶,RT @folha: Elei√ß√µes 2022: Datafolha: Identifica√ß√£o com a esquerda cresce e vai a 49% da popula√ß√£o; direita recua https://t.co/NGl60vEkEt,"RT @jeanwyllys_real: Leiam ‚Å¶‚Å¶@millylacombe‚Å© . Leiam! Ela sempre acerta e vai no nervo da quest√£o. 

Esporte, pol√≠tica, Leifert, elei√ß√µes e‚Ä¶",RT @folha: Elei√ß√µes 2022: Datafolha: Identifica√ß√£o com a esquerda cresce e vai a 49% da popula√ß√£o; direita recua https://t.co/NGl60vEkEt,"RT @e70004251: Elei√ß√µes 2022: O povo n√£o esqueceu ,Bolsonaro √© visto com indigna√ß√£o pela popula√ß√£o, dizem parlamentares https://t.co/4VuD71‚Ä¶","RT @joelluiz_adv: Freixo corteja Cesar Maia para vaga de vice na chapa ao governo do Rio.

MEU DEUS  https://t.co/i65gmNex9N","RT @jeanwyllys_real: Leiam ‚Å¶‚Å¶@millylacombe‚Å© . Leiam! Ela sempre acerta e vai no nervo da quest√£o. 

Esporte, pol√≠tica, Leifert, elei√ß√µes e‚Ä¶","RT @e70004251: Elei√ß√µes 2022 : Datafolha: 54% rejeitam,  culpam e n√£o votam em  Bolsonaro por p√©ssima conduta no  combate pandemia de Covid‚Ä¶","Leitura obrigat√≥ria para os isentos de plant√£o! 

https://t.co/ydniGoICEZ","RT @JovemPanNews: #AsMaisLidasDaSemana | Percentual de eleitores que afirmaram que n√£o votariam no candidato do PT aumentou para 49,1%, enq‚Ä¶","RT @JovemPanNews: #AsMaisLidasDaSemana | Percentual de eleitores que afirmaram que n√£o votariam no candidato do PT aumentou para 49,1%, enq‚Ä¶","RT @JovemPanNews: #AsMaisLidasDaSemana | Percentual de eleitores que afirmaram que n√£o votariam no candidato do PT aumentou para 49,1%, enq‚Ä¶","RT @CentralEleicoes: üì±UNI√ÉO DE MILH√ïES: Com milh√µes de seguidores nas redes e pouca inten√ß√£o de votos nas pesquisas, Andr√© Janones (Avante)‚Ä¶","RT @e70004251: Elei√ß√µes 2022: Para popula√ß√£o, Bolsonaro √© o maior respons√°vel pelas mortes por Covid-19, diz pesquisa. https://t.co/jBNS3Vy‚Ä¶","RT @JovemPanNews: #AsMaisLidasDaSemana | Percentual de eleitores que afirmaram que n√£o votariam no candidato do PT aumentou para 49,1%, enq‚Ä¶","#AsMaisLidasDaSemana | Percentual de eleitores que afirmaram que n√£o votariam no candidato do PT aumentou para 49,1%, enquanto demais candidatos viram taxa cair

https://t.co/I6wXLaFP9S","Candidato a Governo do Lula em Minhas amea√ßa rep√≥rter, para globolixo foi discuss√£o ü§î

https://t.co/1AazBMGAbp",RT @SigaGazetaBR: Ciro Gomes chama Lula de bandido e diz que n√£o o apoiar√° no 2¬∞ turno https://t.co/AjjWE2HMIO,RT @LulaOficial: O Lula de 2022 √© o mesmo Lula que a dona Lindu colocou no mundo. Que foi educado a n√£o ter √≥dio e n√£o perder a esperan√ßa.‚Ä¶,RT @folha: Elei√ß√µes 2022: Datafolha: Identifica√ß√£o com a esquerda cresce e vai a 49% da popula√ß√£o; direita recua https://t.co/NGl60vEkEt,RT @bot_eleicoes: Elei√ß√µes 2022: TSE decide permitir inclus√£o de Paci√™ncia Spider nas urnas eletr√¥nicas. https://t.co/VFR5KyC9w7,"RT @CentralEleicoes: üåπüßë‚ÄçüåæCiro sobre reforma agr√°ria: ""N√£o basta jogar a fam√≠lia num peda√ßo de terra"":

Ciro Gomes declarou que atualmente o‚Ä¶",RT @LucianoHangBr: Elei√ß√µes 2022. Quem tem vis√£o a curto prazo diz: ‚ÄúTanto faz quem vencer em outubro.‚Äù Mas n√£o esque√ßa: a longo prazo ser√°‚Ä¶,"Apoiado por Bolsonaro, Datena ouve 'Lula presidente' de entrevistado https://t.co/ZPOGK1PFBj","Movimento quer eleger 200 deputados ficha limpa para lutar contra a corrup√ß√£o 
 https://t.co/KjrtTKLpaM",RT @folha: Elei√ß√µes 2022: Datafolha: 8 em cada 10 brasileiros acham que homossexualidade deve ser aceita https://t.co/ZJFV6yqp8a,RT @folha: Elei√ß√µes 2022: Rela√ß√£o com militares e empresariado ainda √© desafio para a chapa Lula-Alckmin https://t.co/6rImd3sRpb,RT @RCasara: Pare para ler a @millylacombe https://t.co/PEN3uJuEbk,RT @folha: Elei√ß√µes 2022: Rela√ß√£o com militares e empresariado ainda √© desafio para a chapa Lula-Alckmin https://t.co/6rImd3sRpb,"RT @brealt: Fronteiras, diplomacia e bloqueio: o que est√° em jogo para a Venezuela na elei√ß√£o da Col√¥mbia? https://t.co/aGgkTmX7mk","RT @jeanwyllys_real: Leiam ‚Å¶‚Å¶@millylacombe‚Å© . Leiam! Ela sempre acerta e vai no nervo da quest√£o. 

Esporte, pol√≠tica, Leifert, elei√ß√µes e‚Ä¶",https://t.co/FDb2VCOsSR,"RT @jeanwyllys_real: Leiam ‚Å¶‚Å¶@millylacombe‚Å© . Leiam! Ela sempre acerta e vai no nervo da quest√£o. 

Esporte, pol√≠tica, Leifert, elei√ß√µes e‚Ä¶",RT @folha: Elei√ß√µes 2022: Datafolha: Identifica√ß√£o com a esquerda cresce e vai a 49% da popula√ß√£o; direita recua https://t.co/NGl60vEkEt,"RT @jeanwyllys_real: Leiam ‚Å¶‚Å¶@millylacombe‚Å© . Leiam! Ela sempre acerta e vai no nervo da quest√£o. 

Esporte, pol√≠tica, Leifert, elei√ß√µes e‚Ä¶","RT @JovemPanNews: #HeadlineNews | Elei√ß√µes 2022: Jos√© Luiz Datena reafirma em suas redes sociais que vai disputar o Senado por S√£o Paulo

üì∫‚Ä¶","RT @CentralEleicoes: üåπüßë‚ÄçüåæCiro sobre reforma agr√°ria: ""N√£o basta jogar a fam√≠lia num peda√ßo de terra"":

Ciro Gomes declarou que atualmente o‚Ä¶","RT @Boatosorg: [Especial] Passados cinco meses e 110 fake news, enumeramos os cinco maiores alvos das fake news eleitorais at√© o momento. C‚Ä¶",RT @LucianoHangBr: Elei√ß√µes 2022. Quem tem vis√£o a curto prazo diz: ‚ÄúTanto faz quem vencer em outubro.‚Äù Mas n√£o esque√ßa: a longo prazo ser√°‚Ä¶,RT @folha: Elei√ß√µes 2022: Datafolha: 8 em cada 10 brasileiros acham que homossexualidade deve ser aceita https://t.co/ZJFV6yqp8a,"RT @carro_do_ovinho: Elei√ß√µes 2022 
Para presidente meu voto √© nulo https://t.co/zokLhhV6ev","RT @CentralEleicoes: üåπüßë‚ÄçüåæCiro sobre reforma agr√°ria: ""N√£o basta jogar a fam√≠lia num peda√ßo de terra"":

Ciro Gomes declarou que atualmente o‚Ä¶","RT @SigaGazetaBR: Bolsonaro sobre debates: ‚ÄúEu fecho agora, se o Lula for, eu vou junto com ele‚Äù https://t.co/EAxDOuyKNF",RT @folha: Elei√ß√µes 2022: Datafolha: Identifica√ß√£o com a esquerda cresce e vai a 49% da popula√ß√£o; direita recua https://t.co/NGl60vEkEt,RT @folha: Elei√ß√µes 2022: Datafolha: Identifica√ß√£o com a esquerda cresce e vai a 49% da popula√ß√£o; direita recua https://t.co/NGl60vEkEt,"RT @CentralEleicoes: üåπüßë‚ÄçüåæCiro sobre reforma agr√°ria: ""N√£o basta jogar a fam√≠lia num peda√ßo de terra"":

Ciro Gomes declarou que atualmente o‚Ä¶","RT @millylacombe: Preferir tiro na cabe√ßa a votar em Lula n√£o faz parte do menu de op√ß√µes. Um, porque j√° tem gente demais levando tiro na c‚Ä¶","RT @opovo: ""Os ataques absurdos do Ciro ao PT √© que colocam o projeto em risco"", diz Larissa Gaspar.
                    
https://t.co/3rwu‚Ä¶",RT @folha: Elei√ß√µes 2022: Datafolha: 8 em cada 10 brasileiros acham que homossexualidade deve ser aceita https://t.co/ZJFV6yqp8a,RT @LulaOficial: O Lula de 2022 √© o mesmo Lula que a dona Lindu colocou no mundo. Que foi educado a n√£o ter √≥dio e n√£o perder a esperan√ßa.‚Ä¶,RT @SigaGazetaBR: Ciro Gomes chama Lula de bandido e diz que n√£o o apoiar√° no 2¬∞ turno https://t.co/AjjWE2HMIO
